A,A,A,K,F,E,R,Q,0
A,A,A,M,K,R,H,G,0
A,A,A,M,S,S,A,I,0
A,A,K,F,E,R,Q,H,0
A,A,K,F,E,S,N,F,0
A,A,M,K,R,H,G,L,0
A,A,S,S,S,N,Y,C,0
A,A,V,L,A,E,A,M,1
A,C,E,G,N,P,Y,V,0
A,C,K,N,G,Q,T,N,0
A,D,V,Q,A,V,C,S,0
A,E,A,M,S,Q,V,T,1
A,E,C,F,R,I,F,D,1
A,E,E,L,A,E,I,F,1
A,E,T,F,Y,T,D,G,1
A,E,T,F,Y,V,D,G,1
A,E,T,F,Y,V,D,K,1
A,F,V,L,A,E,A,M,1
A,G,V,L,A,E,A,M,1
A,K,F,E,R,Q,H,M,0
A,K,F,E,S,N,F,N,0
A,K,K,I,V,S,D,G,0
A,K,V,L,A,E,A,M,1
A,K,V,L,V,V,Q,P,1
A,L,L,S,S,D,I,T,0
A,L,T,N,A,V,L,V,0
A,M,K,R,H,G,L,D,0
A,M,V,N,Q,A,L,V,0
A,N,K,H,I,I,V,A,0
A,Q,N,Y,P,I,V,L,1
A,Q,N,Y,P,I,V,Q,1
A,Q,T,F,Y,V,N,L,1
A,Q,V,L,A,E,A,M,1
A,R,A,L,A,E,A,M,1
A,R,G,L,A,E,A,M,1
A,R,I,L,A,E,A,M,1
A,R,L,M,A,E,A,L,1
A,R,N,L,A,E,A,M,0
A,R,N,L,F,E,A,L,1
A,R,N,L,F,I,A,L,1
A,R,N,L,F,Q,A,L,1
A,R,N,L,F,V,A,L,1
A,R,N,Y,P,E,A,L,1
A,R,N,Y,P,I,V,L,1
A,R,R,L,A,E,A,M,1
A,R,S,L,A,E,A,M,0
A,R,V,A,A,E,A,M,1
A,R,V,F,A,E,A,M,1
A,R,V,I,A,E,A,M,1
A,R,V,L,A,A,A,M,0
A,R,V,L,A,D,A,M,0
A,R,V,L,A,E,A,A,1
A,R,V,L,A,E,A,E,1
A,R,V,L,A,E,A,G,1
A,R,V,L,A,E,A,K,1
A,R,V,L,A,E,A,M,1
A,R,V,L,A,E,A,P,1
A,R,V,L,A,E,A,R,1
A,R,V,L,A,E,D,M,0
A,R,V,L,A,E,E,M,1
A,R,V,L,A,E,F,M,1
A,R,V,L,A,E,G,M,1
A,R,V,L,A,E,R,M,1
A,R,V,L,A,E,S,M,1
A,R,V,L,A,G,A,M,0
A,R,V,L,A,L,A,M,1
A,R,V,L,A,N,A,M,0
A,R,V,L,A,Q,A,M,0
A,R,V,L,A,V,A,M,1
A,R,V,L,F,A,A,L,1
A,R,V,L,F,D,A,L,1
A,R,V,L,F,E,A,L,1
A,R,V,L,F,E,A,M,1
A,R,V,L,F,I,A,L,1
A,R,V,L,F,N,A,L,1
A,R,V,L,F,Q,A,L,1
A,R,V,L,F,T,A,L,1
A,R,V,L,F,V,A,L,1
A,R,V,L,G,E,A,M,1
A,R,V,L,I,E,A,M,1
A,R,V,L,L,E,A,M,1
A,R,V,L,M,E,A,M,1
A,R,V,L,N,E,A,M,1
A,R,V,L,V,E,A,M,1
A,R,V,M,A,E,A,M,1
A,R,V,N,A,E,A,M,1
A,R,V,V,A,E,A,M,0
A,R,V,Y,A,E,A,M,1
A,R,V,Y,P,E,A,L,1
A,S,I,L,P,V,I,P,0
A,S,S,S,N,Y,C,N,0
A,S,V,N,C,A,K,K,0
A,T,A,M,M,A,T,A,1
A,T,I,M,M,I,T,A,1
A,T,I,M,M,Q,R,G,1
A,T,I,Y,Y,I,T,A,1
A,T,N,R,N,T,D,G,0
A,T,V,L,A,E,A,M,1
A,T,V,L,T,V,A,L,1
A,V,C,S,Q,K,N,V,0
A,W,I,R,G,C,R,L,0
A,W,R,N,R,C,K,G,0
A,W,V,A,W,R,N,R,0
A,Y,K,T,T,Q,A,N,0
C,A,A,K,F,E,S,N,0
C,A,K,K,I,V,S,D,0
C,A,Y,K,T,T,Q,A,0
C,E,G,N,P,Y,V,P,0
C,E,L,A,A,A,M,K,0
C,K,G,T,D,V,Q,A,0
C,K,N,G,Q,T,N,C,0
C,K,P,V,N,T,F,V,0
C,N,D,G,R,T,P,G,0
C,N,I,P,C,S,A,L,0
C,N,Q,M,M,K,S,R,0
C,R,E,T,G,S,S,K,0
C,S,A,L,L,S,S,D,0
C,S,Q,K,N,V,A,C,0
C,Y,Q,S,Y,S,T,M,0
D,A,I,N,T,E,F,K,1
D,C,R,E,T,G,S,S,0
D,D,L,F,F,E,A,D,1
D,G,N,G,M,N,A,W,0
D,G,R,T,P,G,S,R,0
D,G,S,T,D,Y,G,I,0
D,I,T,A,S,V,N,C,0
D,K,V,L,V,V,Q,P,1
D,L,V,L,L,S,A,E,1
D,N,Y,R,G,Y,S,L,0
D,Q,I,L,I,E,I,C,1
D,Q,N,Y,P,I,V,Q,1
D,R,C,K,P,V,N,T,0
D,S,A,D,A,E,E,D,1
D,S,S,T,S,A,A,S,0
D,T,V,L,E,E,M,S,1
D,V,Q,A,V,C,S,Q,0
D,V,Q,A,W,I,R,G,0
D,Y,G,I,L,Q,I,N,0
E,E,I,M,L,A,Y,Q,1
E,G,N,P,Y,V,P,V,0
E,K,V,Y,L,A,W,V,1
E,L,A,A,A,M,K,R,0
E,L,E,F,P,E,G,G,1
E,L,E,L,A,E,N,R,1
E,L,I,L,P,V,K,R,1
E,R,Q,H,M,D,S,S,0
E,R,V,L,A,E,A,M,1
E,S,L,A,D,V,Q,A,0
E,S,N,F,N,T,Q,A,0
E,T,A,A,A,K,F,E,0
E,T,G,S,S,K,Y,P,0
E,T,T,A,L,V,C,D,1
F,A,V,S,L,A,M,T,1
F,E,R,Q,H,M,D,S,0
F,E,S,N,F,N,T,Q,0
F,G,R,C,E,L,A,A,0
F,H,V,N,G,L,V,K,0
F,N,T,Q,A,T,N,R,0
F,Q,A,Y,P,L,R,E,1
F,Q,V,N,G,L,V,K,0
F,R,S,G,V,E,T,T,1
F,S,V,N,G,L,V,K,0
F,V,H,E,S,L,A,D,0
F,V,N,N,G,L,V,K,0
F,V,V,N,G,L,V,K,0
G,A,L,T,N,A,V,L,0
G,A,M,V,N,Q,A,L,0
G,A,V,S,L,A,M,T,1
G,A,V,W,L,A,M,T,1
G,D,A,L,L,E,R,N,1
G,D,A,Y,F,S,V,P,1
G,E,M,F,F,P,V,L,1
G,F,A,M,A,E,A,L,1
G,F,I,G,V,S,Y,L,1
G,G,N,Y,P,V,Q,H,1
G,G,R,I,N,V,A,L,0
G,G,V,Y,A,T,R,S,1
G,I,L,Q,I,N,S,R,0
G,K,V,L,V,V,Q,P,1
G,L,A,A,P,Q,F,S,1
G,L,D,N,Y,R,G,Y,0
G,L,N,M,P,A,L,V,1
G,L,T,M,V,Q,E,L,1
G,L,T,M,V,T,Q,L,0
G,L,V,A,F,A,N,L,1
G,L,V,L,Q,E,G,L,1
G,M,N,A,W,V,A,W,0
G,N,G,M,N,A,W,V,0
G,N,P,Y,V,P,V,H,0
G,N,W,V,C,A,A,K,0
G,Q,A,N,F,L,G,K,1
G,Q,D,F,P,M,Y,L,1
G,Q,N,Y,P,I,V,Q,1
G,Q,T,N,C,Y,Q,S,0
G,Q,V,N,F,L,G,K,1
G,Q,V,N,Y,E,E,F,1
G,R,C,E,L,A,A,A,0
G,R,I,N,V,A,L,V,0
G,R,T,P,G,S,R,N,0
G,S,G,A,L,T,N,A,0
G,S,G,A,M,V,N,Q,0
G,S,G,G,R,I,N,V,0
G,S,G,L,T,M,V,T,0
G,S,G,T,W,M,V,H,0
G,S,G,V,Y,Q,L,S,0
G,S,H,L,V,E,A,L,1
G,S,R,N,L,C,N,I,0
G,S,S,K,Y,P,N,C,0
G,S,T,D,Y,G,I,L,0
G,T,D,V,Q,A,W,I,0
G,T,W,M,V,H,S,L,0
G,V,A,L,S,A,L,V,0
G,V,F,S,V,N,G,L,0
G,V,F,V,N,N,G,L,0
G,V,N,V,V,N,G,K,0
G,V,Q,V,V,N,G,K,0
G,V,Y,Q,L,S,A,L,0
G,W,I,L,A,E,H,G,1
G,W,I,L,G,E,H,G,1
G,W,V,M,T,E,A,L,1
G,Y,S,L,G,N,W,V,0
H,A,V,S,L,A,M,T,1
H,E,S,L,A,D,V,Q,0
H,G,L,D,N,Y,R,G,0
H,I,I,V,A,C,E,G,0
H,L,V,E,A,L,Y,L,1
H,M,D,S,S,T,S,A,0
H,Y,G,F,P,T,Y,G,1
I,I,V,A,C,E,G,N,0
I,L,Q,I,N,S,R,W,0
I,N,S,R,W,W,C,N,0
I,N,V,A,L,V,P,K,0
I,P,C,S,A,L,L,S,0
I,T,A,S,V,N,C,A,0
I,T,D,C,R,E,T,G,0
I,V,A,C,E,G,N,P,0
I,V,S,D,G,N,G,M,0
K,D,I,F,P,V,T,E,1
K,D,R,C,K,P,V,N,0
K,E,L,Y,P,L,T,S,1
K,E,T,A,A,A,K,F,0
K,F,E,R,Q,H,M,D,0
K,F,E,S,N,F,N,T,0
K,G,S,G,A,L,T,N,0
K,G,S,G,A,M,V,N,0
K,G,S,G,G,R,I,N,0
K,G,S,G,L,T,M,V,0
K,G,S,G,T,W,M,V,0
K,G,S,G,V,Y,Q,L,0
K,G,T,D,V,Q,A,W,0
K,H,I,I,V,A,C,E,0
K,I,V,S,D,G,N,G,0
K,K,I,V,S,D,G,N,0
K,K,L,V,V,Q,P,K,0
K,L,V,L,A,Q,L,S,1
K,M,M,L,L,A,K,A,1
K,N,G,Q,T,N,C,Y,0
K,N,V,A,C,K,N,G,0
K,P,V,N,T,F,V,H,0
K,Q,N,Y,P,I,V,Q,1
K,Q,T,F,P,I,Q,Q,0
K,R,H,G,L,D,N,Y,0
K,S,G,V,F,S,V,N,0
K,S,G,V,F,V,N,N,0
K,S,G,V,N,V,V,N,0
K,S,G,V,Q,V,V,N,0
K,S,R,N,L,T,K,D,0
K,S,R,V,N,V,V,N,0
K,S,R,V,Q,V,V,N,0
K,T,K,K,L,V,V,Q,0
K,T,K,V,K,V,V,Q,0
K,T,K,V,L,K,V,Q,0
K,T,T,Q,A,N,K,H,0
K,V,F,G,R,C,E,L,0
K,V,K,V,V,Q,P,K,0
K,V,L,K,V,Q,P,K,0
K,Y,P,N,C,A,Y,K,0
L,A,A,A,M,K,R,H,0
L,A,D,V,Q,A,V,C,0
L,A,V,S,L,A,M,T,1
L,C,N,I,P,C,S,A,0
L,D,N,Y,R,G,Y,S,0
L,E,C,L,L,S,I,P,1
L,E,V,N,I,V,T,D,1
L,G,N,W,V,C,A,A,0
L,K,V,L,V,V,Q,P,1
L,L,S,S,D,I,T,A,0
L,P,V,N,G,E,F,S,1
L,Q,I,N,S,R,W,W,0
L,Q,N,Y,P,I,V,Q,1
L,Q,V,L,T,L,N,I,0
L,S,S,D,I,T,A,S,0
L,T,K,D,R,C,K,P,0
L,T,M,V,T,Q,L,V,0
L,T,N,A,V,L,V,P,0
L,W,M,G,Y,E,L,H,1
M,D,S,S,T,S,A,A,0
M,K,R,H,G,L,D,N,0
M,K,S,R,N,L,T,K,0
M,M,K,S,R,N,L,T,0
M,N,A,W,V,A,W,R,0
M,Q,N,Y,P,I,V,Q,1
M,R,V,L,A,E,A,M,1
M,S,I,T,D,C,R,E,0
M,V,H,S,L,V,P,K,0
M,V,N,Q,A,L,V,P,0
M,V,T,Q,L,V,P,K,0
N,A,V,S,L,A,M,T,1
N,A,W,V,A,W,R,N,0
N,C,A,K,K,I,V,S,0
N,C,A,Y,K,T,T,Q,0
N,C,Y,Q,S,Y,S,T,0
N,D,G,R,T,P,G,S,0
N,F,N,T,Q,A,T,N,0
N,G,M,N,A,W,V,A,0
N,G,Q,T,N,C,Y,Q,0
N,I,P,C,S,A,L,L,0
N,K,H,I,I,V,A,C,0
N,L,C,N,I,P,C,S,0
N,L,T,K,D,R,C,K,0
N,P,Y,V,P,V,H,F,0
N,Q,M,M,K,S,R,N,0
N,Q,N,Y,P,I,V,Q,1
N,R,C,K,G,T,D,V,0
N,R,N,T,D,G,S,T,0
N,S,R,W,W,C,N,D,0
N,S,V,M,I,A,L,V,1
N,T,D,G,S,T,D,Y,0
N,T,F,V,H,E,S,L,0
N,T,Q,A,T,N,R,N,0
N,V,A,C,K,N,G,Q,0
N,W,V,C,A,A,K,F,0
N,Y,C,N,Q,M,M,K,0
N,Y,R,G,Y,S,L,G,0
P,A,A,S,F,A,M,T,1
P,A,A,S,L,A,M,T,1
P,A,A,W,L,A,M,T,1
P,A,G,S,F,A,M,T,1
P,A,G,S,L,A,M,T,1
P,A,G,W,L,A,M,T,1
P,A,H,S,F,A,M,T,1
P,A,H,S,L,A,M,T,1
P,A,I,L,P,I,I,S,1
P,A,I,L,V,H,T,P,0
P,A,L,S,F,A,M,T,1
P,A,L,S,L,A,M,T,1
P,A,L,W,L,A,M,T,1
P,A,S,S,L,A,M,T,1
P,A,S,W,L,A,M,T,1
P,A,V,A,L,A,M,T,1
P,A,V,E,L,A,M,T,1
P,A,V,G,L,A,M,T,1
P,A,V,H,L,A,M,T,1
P,A,V,I,F,A,M,T,1
P,A,V,I,L,A,M,T,1
P,A,V,L,A,A,M,T,1
P,A,V,L,F,A,M,T,1
P,A,V,L,G,A,M,T,1
P,A,V,L,L,A,M,T,1
P,A,V,R,L,A,M,T,1
P,A,V,S,A,A,M,T,1
P,A,V,S,E,A,M,T,1
P,A,V,S,F,A,M,T,1
P,A,V,S,G,A,M,T,1
P,A,V,S,L,A,L,T,1
P,A,V,S,L,A,M,T,1
P,A,V,S,L,A,N,T,1
P,A,V,S,L,A,Y,T,1
P,A,V,S,L,G,M,T,1
P,A,V,S,L,H,M,T,1
P,A,V,S,L,L,M,T,1
P,A,V,S,L,S,M,T,1
P,A,V,S,Q,A,M,T,1
P,A,V,S,R,A,M,T,1
P,A,V,S,V,A,M,T,1
P,A,V,V,L,A,M,T,1
P,A,V,W,A,A,M,T,1
P,A,V,W,F,A,M,T,1
P,A,V,W,G,A,M,T,1
P,A,V,W,L,A,M,T,1
P,A,V,W,V,A,M,T,1
P,A,W,S,L,A,M,T,1
P,C,S,A,L,L,S,S,0
P,D,V,S,L,A,M,T,1
P,F,A,A,A,Q,Q,R,1
P,F,I,F,E,E,E,P,1
P,F,V,S,L,A,M,T,1
P,G,L,S,L,A,M,T,1
P,G,N,F,F,Q,S,R,1
P,G,N,F,L,Q,S,R,1
P,G,N,F,P,Q,S,R,1
P,G,N,F,V,Q,S,R,1
P,G,N,L,L,Q,S,R,1
P,G,N,Y,L,Q,S,R,1
P,G,S,R,N,L,C,N,0
P,G,V,S,L,A,M,T,1
P,G,V,W,L,A,M,T,1
P,H,V,S,L,A,M,T,1
P,H,V,W,L,A,M,T,1
P,I,V,G,A,E,T,F,1
P,K,V,L,V,V,Q,P,1
P,L,I,M,A,V,V,N,1
P,M,V,G,V,L,D,A,1
P,N,C,A,Y,K,T,T,0
P,N,V,S,L,A,M,T,1
P,P,V,S,L,A,M,T,1
P,Q,N,F,L,Q,S,R,1
P,Q,N,Y,P,I,V,Q,1
P,Q,V,L,P,V,M,H,1
P,R,A,S,L,A,M,T,1
P,R,G,S,L,A,M,T,1
P,R,H,S,L,A,M,T,1
P,R,L,S,L,A,M,T,1
P,R,N,F,L,Q,S,R,1
P,R,N,F,P,V,A,Q,1
P,R,V,A,L,A,M,T,1
P,R,V,G,L,A,M,T,1
P,R,V,L,A,E,A,M,1
P,R,V,L,L,A,M,T,1
P,R,V,S,L,A,M,T,1
P,R,V,W,L,A,M,T,1
P,S,V,S,L,A,M,T,1
P,S,V,W,L,A,M,T,1
P,T,L,L,T,E,A,P,1
P,T,V,S,L,A,M,T,1
P,T,V,W,L,A,M,T,1
P,V,H,F,D,A,S,V,0
P,V,I,L,P,I,Q,A,1
P,V,N,T,F,V,H,E,0
P,Y,V,G,S,G,L,Y,0
P,Y,V,P,V,H,F,D,0
Q,A,I,Y,L,A,L,Q,1
Q,A,N,F,L,G,K,I,0
Q,A,N,K,H,I,I,V,0
Q,A,T,N,R,N,T,D,0
Q,A,V,C,S,Q,K,N,0
Q,A,W,I,R,G,C,R,0
Q,G,N,F,L,Q,S,R,1
Q,H,M,D,S,S,T,S,0
Q,I,N,S,R,W,W,C,0
Q,I,T,L,P,K,R,P,1
Q,I,T,L,W,Q,R,P,1
Q,K,N,V,A,C,K,N,0
Q,L,S,A,L,V,P,K,0
Q,M,I,F,E,E,H,G,1
Q,M,M,K,S,R,N,L,0
Q,S,Y,S,T,M,S,I,0
Q,T,N,C,Y,Q,S,Y,0
R,C,E,L,A,A,A,M,0
R,C,K,G,T,D,V,Q,0
R,C,K,P,V,N,T,F,0
R,E,A,F,R,V,F,D,1
R,E,T,G,S,S,K,Y,0
R,G,Y,S,L,G,N,W,0
R,H,G,L,D,N,Y,R,0
R,I,N,V,A,L,V,P,0
R,K,I,L,F,L,D,G,1
R,K,V,L,F,L,D,G,1
R,N,L,C,N,I,P,C,0
R,N,L,T,K,D,R,C,0
R,N,R,C,K,G,T,D,0
R,N,T,D,G,S,T,D,0
R,Q,A,N,F,L,G,K,1
R,Q,H,M,D,S,S,T,0
R,Q,N,Y,P,I,A,L,1
R,Q,N,Y,P,I,V,Q,1
R,Q,V,L,F,L,E,K,1
R,Q,V,N,F,L,G,K,1
R,R,A,N,F,L,G,K,1
R,R,V,L,A,E,A,M,1
R,R,V,N,F,L,G,K,1
R,T,P,G,S,R,N,L,0
R,V,N,V,V,N,G,K,0
R,V,Q,V,V,N,G,K,0
R,W,W,C,N,D,G,R,0
S,A,A,S,S,S,N,Y,0
S,A,L,L,S,S,D,I,0
S,C,N,F,P,Q,I,T,1
S,D,A,Y,Y,A,D,S,1
S,D,A,Y,Y,T,D,S,1
S,D,C,Y,Y,C,D,S,1
S,D,C,Y,Y,T,D,S,1
S,D,E,Y,Y,E,D,S,1
S,D,E,Y,Y,T,D,S,1
S,D,G,N,G,M,N,A,0
S,D,G,Y,Y,T,D,S,1
S,D,I,T,A,S,V,N,0
S,D,I,Y,Y,T,D,S,1
S,D,L,Y,Y,T,D,S,1
S,D,N,Y,P,I,V,Q,1
S,D,T,Y,Y,A,D,S,1
S,D,T,Y,Y,C,D,S,1
S,D,T,Y,Y,E,D,S,1
S,D,T,Y,Y,G,D,S,1
S,D,T,Y,Y,I,D,S,1
S,D,T,Y,Y,L,D,S,1
S,D,T,Y,Y,T,D,Q,1
S,D,T,Y,Y,T,D,S,1
S,D,T,Y,Y,T,F,S,1
S,D,T,Y,Y,T,G,S,1
S,D,T,Y,Y,T,L,S,1
S,D,T,Y,Y,T,Q,S,1
S,E,E,Y,P,I,M,I,1
S,F,I,G,M,E,S,A,1
S,F,N,F,G,Q,I,T,1
S,F,N,F,L,Q,I,T,1
S,F,N,F,P,L,I,T,1
S,F,N,F,P,P,I,T,1
S,F,N,F,P,Q,D,T,1
S,F,N,F,P,Q,I,I,1
S,F,N,F,P,Q,I,T,1
S,F,N,F,P,Q,V,T,1
S,F,N,S,P,Q,I,T,1
S,F,N,Y,P,Q,I,T,1
S,F,T,F,P,Q,I,T,1
S,F,T,Y,Y,T,D,S,1
S,F,V,F,V,V,N,G,1
S,F,Y,F,P,Q,I,T,1
S,G,A,F,M,T,R,G,1
S,G,A,L,T,N,A,V,0
S,G,A,M,V,N,Q,A,0
S,G,A,Y,L,I,Q,G,1
S,G,G,R,I,N,V,A,0
S,G,I,F,L,E,T,S,1
S,G,I,F,V,V,N,G,1
S,G,I,M,F,E,S,N,1
S,G,I,M,F,Q,S,A,1
S,G,I,N,F,E,S,G,1
S,G,I,Y,L,V,E,N,1
S,G,I,Y,T,V,Q,S,1
S,G,I,Y,Y,S,V,S,1
S,G,L,F,T,E,Y,G,1
S,G,L,T,M,V,T,Q,0
S,G,L,Y,Y,V,T,E,1
S,G,M,W,F,E,A,P,1
S,G,N,F,A,A,F,S,1
S,G,N,F,V,V,N,G,1
S,G,N,M,L,V,Y,S,1
S,G,N,M,V,M,F,G,1
S,G,N,Y,F,V,E,T,1
S,G,N,Y,F,V,Q,G,1
S,G,N,Y,L,V,T,S,1
S,G,S,Y,V,E,Y,Q,1
S,G,T,F,Q,V,Q,L,1
S,G,T,W,M,V,H,S,0
S,G,T,Y,Y,T,D,S,1
S,G,T,Y,Y,T,G,S,1
S,G,V,F,A,V,T,Q,1
S,G,V,F,H,V,N,G,1
S,G,V,F,Q,V,N,G,1
S,G,V,F,S,V,N,G,0
S,G,V,F,T,E,E,R,1
S,G,V,F,V,E,M,P,1
S,G,V,F,V,E,N,G,1
S,G,V,F,V,E,T,S,1
S,G,V,F,V,N,N,G,0
S,G,V,F,V,Q,N,G,1
S,G,V,F,V,V,N,G,1
S,G,V,F,V,V,Q,G,1
S,G,V,F,V,V,T,G,1
S,G,V,F,Y,S,R,E,1
S,G,V,F,Y,T,L,V,0
S,G,V,H,F,I,S,R,1
S,G,V,H,V,E,Y,T,1
S,G,V,L,F,V,S,S,1
S,G,V,M,F,Q,T,D,1
S,G,V,M,P,T,M,S,1
S,G,V,N,V,V,N,G,0
S,G,V,Q,V,V,N,G,0
S,G,V,Y,H,V,S,T,1
S,G,V,Y,L,A,T,D,1
S,G,V,Y,Q,L,S,A,0
S,I,T,D,C,R,E,T,0
S,K,A,F,L,A,D,T,1
S,K,D,L,I,A,E,I,1
S,K,L,L,A,T,V,V,0
S,K,N,Y,P,I,V,Q,1
S,K,V,L,V,V,Q,P,1
S,K,Y,P,N,C,A,Y,0
S,L,A,D,V,Q,A,V,0
S,L,G,N,W,V,C,A,0
S,L,N,L,P,V,A,K,1
S,L,N,L,R,E,T,N,1
S,L,T,Y,Y,T,D,S,1
S,N,F,N,T,Q,A,T,0
S,N,N,Y,P,I,V,Q,1
S,N,Y,C,N,Q,M,M,0
S,Q,A,F,P,L,R,A,1
S,Q,A,Y,P,I,V,Q,1
S,Q,C,Y,P,I,V,Q,1
S,Q,I,Y,P,I,V,Q,1
S,Q,K,N,V,A,C,K,0
S,Q,K,Y,P,I,V,Q,0
S,Q,L,Y,P,I,V,Q,1
S,Q,N,F,P,I,V,Q,1
S,Q,N,M,P,I,V,Q,1
S,Q,N,P,P,I,V,Q,0
S,Q,N,S,P,I,V,Q,0
S,Q,N,Y,A,I,V,Q,1
S,Q,N,Y,D,I,V,Q,0
S,Q,N,Y,K,I,V,Q,0
S,Q,N,Y,L,I,V,Q,1
S,Q,N,Y,P,A,V,Q,1
S,Q,N,Y,P,I,D,Q,1
S,Q,N,Y,P,I,E,Q,1
S,Q,N,Y,P,I,F,Q,1
S,Q,N,Y,P,I,I,Q,1
S,Q,N,Y,P,I,L,Q,1
S,Q,N,Y,P,I,V,E,1
S,Q,N,Y,P,I,V,L,1
S,Q,N,Y,P,I,V,P,1
S,Q,N,Y,P,I,V,Q,1
S,Q,N,Y,P,K,V,Q,0
S,Q,N,Y,P,L,V,Q,1
S,Q,N,Y,P,N,V,Q,1
S,Q,N,Y,P,T,V,Q,1
S,Q,N,Y,P,V,V,Q,1
S,Q,N,Y,T,I,V,Q,1
S,Q,N,Y,Y,I,D,Q,1
S,Q,N,Y,Y,I,V,Q,1
S,Q,N,Y,Y,N,Q,S,1
S,Q,N,Y,Y,T,D,Q,1
S,Q,N,Y,Y,T,V,Q,1
S,Q,Q,Y,P,I,V,Q,0
S,Q,T,Y,P,I,V,Q,1
S,Q,T,Y,Y,I,D,Q,1
S,Q,T,Y,Y,I,V,Q,1
S,Q,T,Y,Y,T,D,Q,1
S,Q,T,Y,Y,T,D,S,1
S,Q,T,Y,Y,T,Q,S,1
S,Q,T,Y,Y,T,V,Q,1
S,Q,V,Y,P,I,V,Q,1
S,R,N,L,C,N,I,P,0
S,R,N,L,T,K,D,R,0
S,R,S,L,Y,A,S,S,1
S,R,V,N,V,V,N,G,0
S,R,V,Q,V,V,N,G,0
S,R,W,W,C,N,D,G,0
S,S,D,I,T,A,S,V,0
S,S,K,Y,P,N,C,A,0
S,S,L,Y,P,A,L,T,1
S,S,N,Y,C,N,Q,M,0
S,S,S,N,Y,C,N,Q,0
S,S,T,S,A,A,S,S,0
S,T,D,Y,G,I,L,Q,0
S,T,L,L,I,E,N,S,0
S,T,M,S,I,T,D,C,0
S,T,S,A,A,S,S,S,0
S,V,N,C,A,K,K,I,0
S,Y,N,F,P,Q,I,T,1
S,Y,S,T,M,S,I,T,0
T,A,A,A,K,F,E,R,0
T,A,S,V,N,C,A,K,0
T,A,V,L,V,V,Q,P,1
T,D,C,R,E,T,G,S,0
T,D,G,S,T,D,Y,G,0
T,D,V,L,V,V,Q,P,1
T,D,V,Q,A,W,I,R,0
T,D,Y,G,I,L,Q,I,0
T,F,N,F,P,Q,I,T,1
T,F,T,F,P,V,V,F,1
T,F,V,H,E,S,L,A,0
T,F,V,L,V,V,Q,P,1
T,G,S,S,K,Y,P,N,0
T,G,V,L,V,V,Q,P,1
T,K,A,L,V,V,Q,P,1
T,K,D,L,V,V,Q,P,1
T,K,D,R,C,K,P,V,0
T,K,F,L,V,V,Q,P,1
T,K,I,L,V,V,Q,P,1
T,K,K,L,V,V,Q,P,0
T,K,L,L,V,V,Q,P,1
T,K,N,L,V,V,Q,P,1
T,K,V,A,V,V,Q,P,1
T,K,V,F,V,V,Q,P,1
T,K,V,G,V,V,Q,P,1
T,K,V,K,V,V,Q,P,0
T,K,V,L,F,V,Q,P,1
T,K,V,L,I,V,Q,P,1
T,K,V,L,K,V,Q,P,0
T,K,V,L,L,V,Q,P,1
T,K,V,L,P,V,Q,P,1
T,K,V,L,S,V,Q,P,1
T,K,V,L,V,V,Q,P,1
T,K,V,M,V,V,Q,P,1
T,K,V,Y,V,V,Q,P,1
T,L,N,F,P,I,S,P,1
T,L,N,F,P,Q,I,T,1
T,L,V,L,V,V,Q,P,1
T,M,S,I,T,D,C,R,0
T,M,V,T,Q,L,V,P,0
T,N,A,V,L,V,P,K,0
T,N,C,Y,Q,S,Y,S,0
T,N,R,N,T,D,G,S,0
T,P,G,S,R,N,L,C,0
T,Q,A,N,K,H,I,I,0
T,Q,A,T,N,R,N,T,0
T,Q,D,F,W,E,V,Q,1
T,Q,I,M,F,E,T,F,1
T,Q,N,Y,P,I,V,Q,1
T,S,A,A,S,S,S,N,0
T,S,C,Y,C,H,G,T,1
T,S,L,L,T,L,D,D,0
T,S,V,L,V,V,Q,P,1
T,T,Q,A,N,K,H,I,0
T,V,V,L,V,V,Q,P,1
T,W,M,V,H,S,L,V,0
V,A,C,E,G,N,P,Y,0
V,A,C,K,N,G,Q,T,0
V,A,W,R,N,R,C,K,0
V,C,A,A,K,F,E,S,0
V,C,S,Q,K,N,V,A,0
V,E,I,C,T,E,M,E,1
V,E,V,A,E,E,E,E,1
V,F,G,R,C,E,L,A,0
V,F,S,V,N,G,L,V,0
V,F,V,N,N,G,L,V,0
V,H,E,S,L,A,D,V,0
V,K,V,L,V,V,Q,P,1
V,N,C,A,K,K,I,V,0
V,N,Q,A,L,V,P,K,0
V,N,T,F,V,H,E,S,0
V,P,V,H,F,D,A,S,0
V,Q,A,V,C,S,Q,K,0
V,Q,A,W,I,R,G,C,0
V,S,D,G,N,G,M,N,0
V,V,A,M,P,V,V,I,0
V,Y,Q,L,S,A,L,V,0
W,C,N,D,G,R,T,P,0
W,M,V,H,S,L,V,P,0
W,R,N,R,C,K,G,T,0
W,V,A,W,R,N,R,C,0
W,V,C,A,A,K,F,E,0
W,W,C,N,D,G,R,T,0
Y,C,N,Q,M,M,K,S,0
Y,E,E,F,V,Q,M,M,1
Y,F,N,F,P,Q,I,T,1
Y,G,I,L,Q,I,N,S,0
Y,K,T,T,Q,A,N,K,0
Y,P,N,C,A,Y,K,T,0
Y,Q,L,S,A,L,V,P,0
Y,Q,S,Y,S,T,M,S,0
Y,R,G,Y,S,L,G,N,0
Y,S,L,G,N,W,V,C,0
Y,S,T,M,S,I,T,D,0
Y,V,P,V,H,F,D,A,0
